1,Claudie,Weeden,769-405-9047
2,Harman,Wandrey,186-883-5077
3,Pascale,Stollsteimer,401-633-0790
4,Blair,Huckster,804-386-9968
5,Gert,Churm,817-515-7527
6,Major,Diggens,816-541-8361
7,Zerk,Spight,865-603-6367
8,Madelene,Lippitt,428-782-4120
9,Damon,Larsen,882-307-1144
10,Marsha,Seares,359-296-7019
11,Dael,Drioli,522-918-6125
12,Kayle,Badgers,190-237-0830
13,Brynne,Dorber,976-580-6340
14,Armando,Jodlkowski,989-756-7146
15,Dinny,Jacobowits,662-474-8486
16,Jose,Barrows,291-218-9834
17,Janaya,Aveson,872-446-7041
18,Gunter,Lowseley,664-797-9691
19,Vitoria,Killough,789-405-7419
20,Doti,Bonallack,438-809-9431
21,Almeria,Francillo,954-556-3906
22,Urban,Grayshan,863-984-6407
23,Obediah,Laweles,407-447-6585
24,Mike,Tether,458-314-6990
25,Ramonda,Ayre,689-807-8991
26,Schuyler,Aberkirder,774-699-1784
27,Betsy,Waszkiewicz,273-481-4663
28,Hyacintha,Kynsey,207-924-3509
29,Gertie,Seel,631-833-8643
30,Shae,Glazzard,772-982-8841
31,Wang,Kasperski,580-588-4518
32,Isidro,Hebard,634-580-9449
33,Ashlee,Laweles,600-363-6033
34,Gianni,Petricek,201-834-8582
35,Kaila,Killingsworth,163-123-7927
36,Bertha,Keuning,551-959-4293
37,Geno,Dartnall,104-779-5453
38,Tootsie,Denham,554-523-8443
39,Melva,Tilt,746-765-2870
40,Cecilius,Ellum,202-252-9548
41,Brander,Jellico,986-876-1491
42,Bev,Chaperling,199-821-0765
43,Filbert,McGuiness,968-142-0617
44,Hermina,Gillyett,823-551-7455
45,Kaycee,Birrane,555-289-8098
46,Alair,Gettings,204-465-8408
47,Edie,Corroyer,321-466-4329
48,Bryce,Gensavage,734-653-3116
49,Byron,Bunch,916-116-5951
50,Silvester,Showering,691-810-7450
51,Keene,Luppitt,920-313-6511
52,Frieda,De Ambrosis,151-704-3420
53,Zuzana,Balnaves,225-560-9832
54,Nady,Powley,334-655-3144
55,Laureen,Sulter,743-245-6063
56,Tailor,Isherwood,133-240-2370
57,Prue,Rait,102-434-5737
58,Fanni,Itscovitz,901-911-5726
59,Essy,Djorevic,547-167-3954
60,Zolly,Daws,575-986-0436
61,Hieronymus,Olver,321-364-6983
62,Valentina,Kendrick,390-166-9729
63,Lek,Dundridge,671-243-2359
64,Meggi,Heinrici,280-684-4096
65,Nicki,Potkin,126-991-0226
66,Ardisj,Hearnes,234-770-0142
67,Deonne,Greally,415-809-0285
68,Caryl,MacClinton,245-182-2176
69,Ursola,Scroxton,510-262-9784
70,Durant,Lerego,243-718-3905
71,Laurie,Walcar,862-198-6823
72,Rosamund,Frostdicke,682-776-6185
73,Solly,Madgwich,881-701-2212
74,Romeo,Saby,411-264-2785
75,Gale,Coltan,252-854-4542
76,Nari,Galbreath,591-994-5407
77,Aurlie,Rosenshine,478-957-5239
78,Mirna,Keppel,498-625-3533
79,Lucinda,Reece,971-968-8686
80,Modestine,Keymer,767-381-0636
81,Gianni,Cokayne,767-704-1445
82,Emelita,Irons,716-610-3228
83,Clare,Djurdjevic,688-586-5293
84,Rafael,Bernadot,996-617-6303
85,Rochester,Harriss,265-665-1821
86,Maxy,Yakebowitch,204-402-6755
87,Brittan,Koubek,663-323-1223
88,Cassandra,Meeking,641-753-5509
89,Cash,Barkway,576-541-8381
90,Mikkel,Hymor,688-542-7061
91,Gan,Semeniuk,780-589-7060
92,Irina,Blissett,163-395-8940
93,Maye,Lavies,383-664-7274
94,Florenza,Buckham,470-348-4988
95,Hershel,Worner,229-116-3027
96,Henryetta,Lancaster,984-534-5570
97,Mersey,Ockland,882-525-5626
98,Yovonnda,Lowdiane,557-766-0863
99,Aindrea,Riggeard,397-631-6258
100,Marv,Allsebrook,119-248-3915
101,Torr,Nassie,859-470-7825
102,Jerri,Chapiro,167-647-7385
103,Boyd,Kave,141-910-2925
104,Gilda,Mellish,268-287-4907
105,Antonella,Mor,409-348-6231
106,Jasun,Schulke,748-237-2045
107,Rea,Samter,654-120-2273
108,Enrika,Shepherdson,927-973-9828
109,Gaven,Ellgood,601-886-7442
110,Alvin,Tancock,621-237-8207
111,Cherida,Abelov,382-261-8420
112,Leeland,Lackinton,330-243-2188
113,Bennie,Lobb,209-200-8160
114,Isabella,Ruzek,299-579-6943
115,Sheena,Kremer,338-628-0356
116,Allene,Gaymer,438-245-6509
117,Octavia,Hatliffe,873-845-5330
118,Gray,Pell,765-232-8868
119,Jess,Lemanu,326-813-0086
120,Kenn,Anton,508-574-0814
121,Pernell,MacNally,607-730-1897
122,Jone,Dunnett,261-521-8148
123,Wilbur,Karmel,848-110-3069
124,Lezley,Ballsdon,498-387-4673
125,Aliza,Beecham,416-503-6881
126,Ginny,Scatchar,671-444-8070
127,Isabel,Kelland,978-279-4212
128,Geordie,Newarte,305-466-9742
129,Travus,Powis,296-862-3778
130,Letty,Corston,354-891-3332
131,Terrie,Crielly,562-852-1896
132,Fredra,Shillinglaw,572-182-7462
133,Warren,Oxterby,308-363-3862
134,Joni,Clitherow,670-500-2111
135,Denni,Pedley,136-904-0416
136,Shawna,Fones,446-146-6001
137,Emilie,Wands,287-317-0106
138,Anthiathia,Bodman,406-208-8251
139,Danila,Cuddon,831-731-9699
140,Lorenza,Ysson,528-972-9456
141,Wilfrid,Dinnies,334-222-2748
142,Trever,Braden,473-205-0332
143,Minna,Oxenham,652-674-0771
144,Michaeline,Applin,231-389-3967
145,Wilhelmina,Joskovitch,629-734-0657
146,Lay,Sawbridge,323-931-6316
147,Clayson,Smallcomb,998-529-2561
148,Hi,Nyssen,343-514-1423
149,Dimitry,Assel,703-417-6117
150,Brett,Martinello,504-946-2674
151,Brnaby,Dunderdale,249-543-3469
152,Nicoli,Barwick,406-138-7131
153,Joshua,Spowart,542-260-6795
154,Dulcy,Shinner,198-995-7377
155,Mirelle,Bartczak,442-607-7408
156,Claresta,Malkin,872-267-0324
157,Marie-jeanne,Willcot,592-591-3769
158,Jennilee,Treagust,930-449-3498
159,Sayre,Lathe,862-464-0589
160,Alameda,Briddock,965-109-4143
161,Bryna,Powdrell,549-891-5849
162,Natalee,Ticksall,295-160-2206
163,Gladi,Bleue,422-245-7353
164,Eliza,Cestard,255-916-8422
165,Clarke,Rosenqvist,465-997-4731
166,Euphemia,Oldman,574-780-4989
167,Jessie,Rostern,343-443-8507
168,Meaghan,Veeler,633-427-3992
169,Stoddard,Haddow,560-728-6563
170,Estevan,Pettko,328-156-0600
171,Hallsy,Jopp,266-868-7860
172,Velvet,Yaus,955-510-8418
173,Christalle,Thaxton,320-285-8781
174,Alessandro,Ogborne,465-813-0298
175,Yorgos,O'Reilly,950-869-2313
176,Giralda,Kasparski,441-444-3282
177,Manon,Siene,648-103-5144
178,Scarface,Mandre,767-550-4405
179,Fitzgerald,Doughton,910-761-6808
180,Sarine,Caddie,233-711-7326
181,Rutherford,Cleator,820-631-5604
182,Les,Salvati,713-127-8510
183,Iolanthe,Riccioppo,724-511-2058
184,Helen,Wodham,952-144-3420
185,Victor,Rickhuss,111-774-3806
186,Tera,Meneux,921-931-3446
187,Malina,Gatherer,850-267-0970
188,Mateo,Mattek,932-994-1968
189,Alyce,Tibbits,494-969-4835
190,Tiphani,Rizzello,310-865-6885
191,Richie,Rawle,416-721-1907
192,Bella,Scarsbrooke,951-337-0220
193,Kiele,Cluer,575-586-7539
194,Emelina,Buey,613-289-5866
195,Muffin,Djordjevic,115-222-9134
196,Jeromy,Breche,673-624-6430
197,Doe,Hallgate,617-160-0004
198,Georgeta,Blanning,758-273-1279
199,Sheeree,Torregiani,875-810-1409
200,Pattie,Bluschke,494-822-2327
201,Lancelot,Rolph,515-605-4589
202,Jayson,Newstead,156-530-7394
203,Humfrey,Smurfit,100-772-0033
204,Anselm,Esposi,797-917-2995
205,Gisela,Kingswoode,909-194-5101
206,Roda,Sutcliff,577-988-8932
207,Ami,Meegin,281-616-4546
208,Kelcie,Thirtle,447-232-2012
209,Willy,O'Looney,282-157-5917
210,Alyda,Eisikowitch,262-859-2108
211,Roanne,Summerscales,560-962-4497
212,Odella,Salvadori,629-302-9549
213,Alfredo,Dixcee,194-920-4967
214,Edythe,MacArte,562-864-2856
215,Jill,Clitherow,436-690-1195
216,Hendrika,Potell,139-505-0750
217,Edeline,Adcocks,347-673-1840
218,Garek,Stanyard,106-148-9433
219,Doralyn,Englishby,372-207-6521
220,Milissent,Crufts,222-644-0832
221,Bliss,Fayter,731-161-4414
222,Tim,Marrian,463-765-5158
223,Jeanne,Besantie,564-975-5612
224,Prinz,Gitthouse,781-820-5193
225,Bo,Thurston,620-433-6008
226,Oralle,Segot,330-168-0818
227,Towny,Wattins,753-890-1007
228,Caty,Endersby,490-367-7869
229,Tandie,Mellers,379-500-7366
230,Pat,Goalley,248-914-7968
231,Marilin,Hatherill,782-223-3039
232,Berti,Gabler,262-215-8415
233,Byrann,Housbie,305-221-9021
234,Husain,Vanyushkin,296-320-6101
235,Connor,Thirlwall,164-151-1265
236,Brianne,Zink,891-512-6531
237,Sloane,Jarrold,398-552-5876
238,Quinn,Edess,510-967-2366
239,Consuela,Delcastel,223-288-6362
240,Brenn,Dunthorne,297-280-1638
241,Talbot,Colleton,924-843-8762
242,Dorelia,Ciani,561-525-7866
243,Phip,Shobrook,478-997-8698
244,Janie,Mc Carroll,946-542-4404
245,Zorina,Malyan,175-232-2020
246,Thorny,Southorn,739-675-3244
247,Babara,Barents,687-324-8332
248,Katusha,Shinton,514-948-3554
249,Michel,Ackroyd,933-299-6775
250,Elke,Philippard,140-475-7339
251,Cyndy,Brookzie,774-166-6944
252,Ardine,Doxey,804-400-6115
253,Casper,Waterson,236-579-2333
254,Loria,Kilbride,129-643-4103
255,Estella,Bille,611-354-7430
256,Anne,Baynom,915-202-9463
257,Layne,Dreigher,176-744-8355
258,Marcia,Leggitt,177-953-3206
259,Desiree,Balf,111-524-0198
260,Gustav,Fridaye,940-152-6304
261,Eirena,Tapsell,721-785-7813
262,Mattheus,Shapiro,486-924-6655
263,Merwin,Shirtcliffe,374-292-4373
264,Ruddie,Biers,717-586-1120
265,Anya,Todeo,410-407-4002
266,Ofelia,Whettleton,878-917-5466
267,Hamil,Lovart,841-291-1891
268,Francklyn,Viant,758-220-6244
269,Calli,Veare,621-668-6997
270,Lindsay,Bottomley,328-759-8846
271,Aurilia,Ceschelli,530-793-8489
272,Sergio,Raiman,929-639-1504
273,Dar,Docket,187-891-7008
274,Margy,Wrankling,740-108-8912
275,Loydie,Hellens,439-386-8304
276,Val,Swiffin,660-366-1593
277,Phillipp,Knight,615-983-4155
278,Nilson,Chasteau,351-701-9259
279,Mil,Matthieson,388-496-7201
280,Consuela,De Mitri,580-688-0266
281,Malvina,Southgate,972-718-2815
282,Bard,Hackett,344-741-7510
283,Kelley,Yapp,140-571-1430
284,Claudia,O'Nowlan,774-642-7844
285,Susann,Roback,445-469-9449
286,Clemente,Bruckmann,597-306-8880
287,Kerrin,Burnitt,387-112-7900
288,Lisbeth,Schoolfield,504-457-7140
289,Pembroke,Pautard,499-628-6628
290,Glenden,Tutchener,623-994-1635
291,Romona,Santello,751-574-2205
292,Ossie,Fine,555-314-7157
293,Jessi,Stratiff,751-980-4039
294,Rosalyn,Kaley,273-589-0190
295,Osbert,Cookes,195-353-3500
296,Jana,Alfonsini,888-670-9099
297,Letizia,Escalero,680-222-5320
298,Dorthea,Cassells,485-757-6378
299,Stefanie,Duigan,441-860-6727
300,Cyrus,Fishleigh,130-612-7839
301,Jonah,Nowakowska,115-606-7491
302,Meredith,Egle of Germany,152-299-0515
303,Arvin,Hubbert,953-822-0950
304,Janith,Freund,975-970-7489
305,Nan,Shopcott,622-648-1379
306,Giana,Pirson,482-380-9713
307,Hetty,Carlon,978-417-1849
308,Garnette,Sperski,723-364-5819
309,Ray,Corish,548-764-5063
310,Carolus,Fallowfield,372-815-4331
311,Mei,Scowcroft,861-708-3476
312,Kingsley,MacKenney,111-587-2084
313,Gennie,Summerley,328-460-2097
314,Esmaria,Barette,441-848-2436
315,Bette,Calbreath,713-221-9364
316,Dionne,Goodson,152-952-1293
317,Pegeen,Highway,537-108-1084
318,Zachary,Alastair,373-464-6519
319,Feodor,Issacoff,589-403-0354
320,Terry,Bowton,967-361-1701
321,Lynne,Cobbald,794-840-0663
322,Ronna,Alvaro,931-789-3588
323,Jeffie,Hounsom,938-725-9483
324,Dulcine,McTear,584-439-1331
325,Findlay,Harlett,390-208-6479
326,Vida,Revie,574-546-5928
327,Sherilyn,Grastye,400-662-1954
328,Katrina,Edmott,934-769-5481
329,Linda,Bariball,277-791-3542
330,Patience,Vogelein,718-524-7279
331,Althea,Vasyunin,337-479-9681
332,Hogan,Schimpke,278-285-4183
333,Kittie,Saich,145-645-8078
334,Vallie,MacLaughlin,886-632-9092
335,Laurens,Bernt,440-804-5975
336,Robbyn,Keller,486-985-0558
337,Huntlee,Duncan,411-350-7610
338,Eziechiele,Cadogan,746-484-6124
339,Waverly,Danson,922-905-8788
340,Toddy,Grigson,610-106-9107
341,Blanca,Clynmans,376-960-3794
342,Cecil,Gniewosz,315-251-5908
343,Ynes,Daykin,517-657-1548
344,Kalil,Reape,722-730-7029
345,Rafaela,Tatterton,218-302-5572
346,Brian,Effaunt,929-169-6909
347,Jarret,Lockley,932-531-4261
348,Noella,Graine,689-146-7216
349,Mirabel,Pantry,672-223-1580
350,Chiquia,Killiner,355-833-6319
351,Ginny,McCrorie,694-467-2453
352,Tabatha,Tothe,857-276-7894
353,Lexis,Kop,905-917-4700
354,Audrey,Hars,421-980-8621
355,Callida,Writtle,770-504-0986
356,Stephannie,Creus,387-441-6245
357,Aubry,Stallard,173-122-8667
358,Elisabet,Lucien,582-905-2272
359,Merrill,Cuniam,294-259-4296
360,Lavinia,De Vaan,903-867-6878
361,Mattheus,Scrigmour,144-707-0259
362,Merola,Dowears,815-303-3632
363,Agretha,Doust,970-256-4290
364,Jehanna,Daubeny,774-706-5436
365,Gaylord,Beckett,549-126-4137
366,Timotheus,Daltry,406-891-2226
367,Oberon,Neads,739-652-2192
368,Cliff,Blew,163-995-7914
369,Drucie,Sands-Allan,247-377-3488
370,Clarita,Cane,475-824-3988
371,Christean,Fitzsymon,807-727-0463
372,Edwina,Djokovic,486-217-6268
373,Lenka,Sancto,501-266-5699
374,Gloria,Khristoforov,817-332-7841
375,Flint,Yuryshev,379-284-7471
376,Drake,Wackley,138-778-2691
377,Rhianna,Sparry,700-494-3372
378,Sybilla,Pocknell,697-718-1449
379,Rafi,Reedie,831-403-0254
380,Carmelita,Caurah,245-110-5491
381,Redford,Vanetti,314-872-9055
382,Yetty,Simao,105-893-1571
383,Bev,Aucourte,715-325-0369
384,Trumaine,Asbrey,533-968-4301
385,Mia,Connechy,136-397-7218
386,Maxim,Ragate,581-862-8295
387,Grace,Berfoot,157-271-9194
388,Dillie,Erley,874-626-7468
389,Donny,De Ambrosis,916-194-0002
390,Martino,Longthorne,333-225-5363
391,Uta,Lofting,925-682-2006
392,Morna,Appleyard,526-119-9062
393,Erinn,Dickinson,375-411-4370
394,Corissa,Legh,536-495-9298
395,Elsie,De Bruijne,893-391-2489
396,Julita,Toquet,733-597-8286
397,Emilie,Thaxter,995-566-9303
398,Hewet,Goodliff,462-132-9910
399,Perla,Gheraldi,106-169-0502
400,Red,Sweedland,611-202-6217
401,Valentino,Serginson,993-319-5217
402,Leif,Rahl,537-875-7191
403,Dulcinea,Butter,419-824-9947
404,Erhart,Noye,396-491-4186
405,Darn,Dunn,325-552-5613
406,Cindy,Artois,280-488-0710
407,Marina,Cosens,603-297-3669
408,Seka,Courtman,818-780-7234
409,Novelia,Feavers,703-559-5014
410,Celesta,Maureen,105-717-8631
411,Larry,Sowter,352-761-2782
412,Corabel,Brugsma,201-500-9998
413,Gavan,Chansonnau,815-437-9200
414,Sarita,Trillow,987-938-7907
415,Gleda,Itzkovwich,613-196-5633
416,Diane-marie,Spain-Gower,105-945-6266
417,Stacy,Norgan,645-611-8729
418,Osmond,Birdsey,500-794-9080
419,Laney,Lissimore,320-309-8106
420,Kristopher,Selway,507-838-3029
421,Helena,McLeish,735-761-8039
422,Bert,Pendry,525-749-6344
423,Marcus,Dighton,637-181-2555
424,Ingemar,Manthroppe,771-887-1453
425,Gibby,Bruyntjes,179-461-5988
426,Dyanna,Lammenga,167-852-5698
427,Cristionna,Matlock,475-732-9097
428,Fraze,Awty,446-692-6651
429,Hettie,Stell,714-462-3670
430,Ellwood,Navein,213-107-6002
431,Aida,Mussared,530-996-4200
432,Belita,Lismer,414-548-6012
433,Chastity,Huckerby,568-955-0474
434,Elia,Abramovic,623-551-0865
435,Joella,Paull,991-679-6197
436,Biddy,Honacker,993-815-7223
437,Tucker,Trenoweth,569-895-0123
438,Carmine,Kale,261-541-2579
439,Keri,Rearden,382-203-8897
440,Merle,Whitlock,408-575-6848
441,Nathalia,Feavers,691-177-2098
442,Frasquito,Grizard,457-815-1641
443,Carlos,Rispine,868-396-1479
444,Gladi,Ollis,308-786-8355
445,Kipp,Brooksby,647-618-4317
446,Mufi,Wiltshear,135-105-3259
447,Holly,Clampin,178-900-8300
448,Evelyn,Kinver,728-430-8117
449,Penelope,Schruyers,931-422-7198
450,Rosemary,Mafham,405-993-8669
451,Lorrayne,Hurll,420-577-8224
452,Kevin,Sagar,733-106-9906
453,Beatrisa,Wroath,370-822-0911
454,Carson,Drynan,530-905-8702
455,Lane,Baseggio,200-185-7004
456,Tanhya,Grimme,538-854-6383
457,Marcellina,Bradden,734-662-5497
458,Noell,Shearston,240-598-7586
459,Michaeline,Costell,371-920-9850
460,Martelle,Janaud,362-377-6373
461,Garnet,De Roos,126-764-9088
462,Erastus,Bach,770-308-0425
463,Gav,Studde,581-359-0854
464,Hamilton,Brigham,632-339-0754
465,Cristobal,Muffin,173-422-2287
466,Kin,Raistrick,855-192-4519
467,Seumas,Outridge,620-761-9262
468,Franciskus,Lippiett,842-198-0023
469,Helli,Kinnar,401-548-5193
470,Cal,Etock,284-201-8947
471,Carlota,Weinham,235-325-2341
472,Roz,Cabrer,718-423-1986
473,Zorana,Eagan,615-271-3343
474,Jeramey,Spittal,733-422-6904
475,Eve,O'Sheilds,147-288-3072
476,Olimpia,Hanson,381-608-7329
477,Carmella,Raunds,300-870-5995
478,Alford,Mallatratt,548-534-3349
479,Brooks,Boater,543-783-3874
480,Oran,Peacham,840-155-8493
481,Bunny,Antosch,826-130-3136
482,Caroline,Doring,960-790-9598
483,Devland,Schooling,275-343-9913
484,Bee,Tame,692-902-0532
485,Delora,Sare,363-597-4430
486,Wilfred,Vanne,679-738-0457
487,Aldo,Abramowitch,466-134-3600
488,Sammie,Bramley,777-806-2840
489,Murdock,Tomeo,969-207-5284
490,Bev,Nevinson,903-921-5478
491,Becki,Jessel,114-547-3700
492,Joanie,Lesor,428-776-1031
493,Shelby,Beeho,783-162-9798
494,Margy,Prettjohn,910-237-0137
495,Darb,Artiss,577-728-4345
496,Sofia,Precious,654-159-6803
497,Kristoffer,McAughtry,613-524-7638
498,Lorianna,Smitherman,254-911-9822
499,Mort,Danser,377-986-7141
500,Alikee,Buddles,493-878-3504
501,Valenka,Rehorek,750-145-7416
502,Whitney,Fullagar,245-195-0335
503,Bendicty,Jacks,962-993-5513
504,Glory,Allcorn,139-198-1541
505,Philomena,Hissett,625-431-0920
506,Elisabeth,Ouldcott,965-678-9196
507,Renee,Lumly,855-774-9764
508,Collin,Joel,370-540-4767
509,Napoleon,Hauch,622-105-5393
510,Anton,Hadland,822-810-2906
511,Si,Andell,212-771-1888
512,Perceval,Shwalbe,238-952-2533
513,Shanda,Ranyell,321-379-6664
514,Mar,Burges,853-800-9963
515,Vanya,Heatherington,455-306-1032
516,Hamilton,Mothersole,251-184-4171
517,Hagen,Shapiro,705-549-0321
518,Shandy,Josefovic,915-903-9548
519,Marybeth,Brough,565-221-7418
520,Cesya,Skoggings,806-589-4229
521,Godfree,Oxtaby,609-376-7535
522,Link,Vaux,130-902-0933
523,Aurea,Dungee,741-896-0210
524,Kendricks,Ramble,330-786-3203
525,Cull,Goudie,695-544-0257
526,Floris,Sottell,668-878-2319
527,Corine,Stroton,813-947-3990
528,Ximenez,Scourge,154-671-5492
529,Rosemonde,Hove,785-644-6049
530,Nathanial,Viall,301-340-4473
531,Melinda,Brambley,587-664-3337
532,Johannes,Clail,300-561-7592
533,Jenilee,Johnke,244-297-8328
534,Rossie,Ivimy,847-588-9085
535,Sargent,Stanyon,846-736-1540
536,Natalina,Ajsik,360-981-8715
537,Rakel,Le Blanc,989-754-8935
538,Flem,Sabin,226-549-4795
539,Phaedra,Dodding,186-850-8894
540,Cord,Obbard,222-592-7711
541,Fidelity,Fontel,718-737-5165
542,Bathsheba,Soggee,628-899-7219
543,Bobbye,McTerrelly,254-240-2466
544,Eal,Teather,798-728-3222
545,Dena,Lyddon,798-653-8369
546,Emalee,Davidesco,547-206-4885
547,Matthew,Stebbing,499-610-0750
548,Llewellyn,Loughlin,750-442-5756
549,Claudie,Laugherane,689-352-6153
550,Sadie,Cardno,365-258-5891
551,Elicia,Ogger,942-406-9007
552,Park,Godart,599-563-0313
553,Donn,Gatheral,946-939-8510
554,Bryce,Gooble,474-225-4048
555,Lanny,Bambra,882-828-3779
556,Dewey,Woollard,644-623-8316
557,Fee,Hurch,832-440-4638
558,Tildie,Jelliman,794-859-0221
559,Latrena,Bascomb,155-248-3050
560,Ryun,Hunday,911-205-3239
561,Shirley,Bainbridge,454-612-6683
562,Cherish,Rief,631-915-1039
563,Dorie,Traher,905-605-9970
564,Neala,Fleay,255-692-9207
565,Rozalin,Pengilley,990-363-0084
566,Ruttger,Warrillow,647-177-7123
567,Zara,Clemot,356-592-7240
568,Humberto,Mowen,813-715-5068
569,Alia,Prestwich,403-121-0165
570,Lorens,Galiero,276-627-2014
571,Bord,Lampe,596-601-7768
572,Ruth,Stammirs,678-398-3747
573,Phaidra,Mulcaster,213-533-3705
574,Lolly,Walding,713-865-6575
575,Lindsay,Defond,400-885-5424
576,Cos,Rosenwasser,265-395-3756
577,George,Ambrosini,557-418-7379
578,Desiri,Westerman,742-148-8959
579,Chaim,Ingleson,320-531-5497
580,Noel,Djurisic,348-173-5338
581,Galen,Mulrooney,503-389-3182
582,Shep,Carrier,957-680-3761
583,Geralda,Hassard,242-469-8007
584,Andonis,Stovold,852-435-8272
585,Sianna,Stockdale,470-945-1622
586,Barney,Van Der Hoog,468-759-9941
587,Cecilio,Lomasney,550-819-9819
588,Lannie,German,530-409-0177
589,Marley,Glaum,509-418-6027
590,Lanie,Malkin,275-721-5494
591,Wilbert,Corbitt,463-373-3346
592,Orelia,Burr,878-880-5422
593,Alyss,Meekings,715-520-8023
594,Olvan,Wallicker,359-814-4837
595,Skippie,Barnewell,822-941-9086
596,Vanya,Grisenthwaite,516-626-3927
597,Averyl,Rowe,614-952-3321
598,Edwin,MacDirmid,352-955-4589
599,Miltie,Lanning,634-152-3465
600,Alard,Crilly,758-817-0555
601,Giordano,Ipplett,805-582-1174
602,Virgilio,Sager,464-384-2930
603,Alicea,Gillet,754-911-5094
604,Katerine,Spensley,218-289-5104
605,Sammy,Hawyes,525-782-4173
606,Frasco,Draisey,894-338-4127
607,Lynn,Matschke,585-411-5001
608,Sergent,Hotton,905-112-8077
609,Hilliary,Christmas,163-752-3611
610,Mylo,Hexter,634-677-3856
611,Brok,Argo,766-834-5420
612,Nadiya,Scini,767-853-6874
613,Nancie,D'Orsay,499-116-5680
614,Jemimah,Wilsdon,339-278-1131
615,Mel,Kondratenya,768-111-0530
616,Virgil,McGriele,421-922-0910
617,Feodora,Yuill,742-125-8726
618,Agatha,Greasley,689-163-7792
619,Fulton,Noone,727-350-9605
620,Silvan,Bladge,273-547-9918
621,Phyllys,Bellany,479-563-4235
622,Kakalina,Pickerin,202-480-6305
623,Derwin,Cullnean,636-517-6287
624,Cam,Gresley,275-965-5416
625,Dinnie,Kettow,264-855-0371
626,Vail,Pietzner,841-737-2125
627,Spense,Casin,574-297-5910
628,Evan,Kohring,890-132-7730
629,Riley,Phythien,464-275-6209
630,Roxanna,Thorne,388-736-3503
631,Edgar,Eicke,987-431-5023
632,Emmye,Pree,697-386-3998
633,Hillard,Marden,267-211-9014
634,Angus,Densun,476-352-9714
635,Clement,Czajkowski,310-617-4127
636,Marcia,Crocumbe,239-955-9540
637,Sylvan,Hansberry,377-703-5512
638,Remington,Ranstead,181-166-6445
639,Wilfrid,Alcorn,344-889-0469
640,Terencio,Stollman,118-100-6625
641,Carey,Ratke,209-169-2402
642,Chad,Sandle,878-410-6956
643,Aurea,Shoreson,743-356-7392
644,Hercule,Legge,797-643-1068
645,Parrnell,Blundin,703-242-7193
646,Rosetta,Iredell,596-298-0568
647,Levey,Ridulfo,854-127-2897
648,Pate,Emsley,702-129-9812
649,Anette,Glascott,967-135-4350
650,Eden,Crews,173-511-2546
651,Charis,Odhams,299-986-0978
652,Kalle,Bridgeland,835-318-5327
653,Wheeler,Dumbarton,935-387-3567
654,Rubie,Bonifazio,180-842-9520
655,Perceval,Penke,173-351-4824
656,Chad,O'Halligan,379-604-3307
657,Rafferty,Genders,456-773-7468
658,Dolley,Crumbie,679-470-5878
659,Whitman,McGinley,440-395-1217
660,Doll,Randell,233-270-7716
661,Boyd,Monard,417-250-1340
662,Vidovik,Matokhnin,461-633-6750
663,Coleen,Cranham,625-266-0640
664,Rebeca,Keese,476-914-5622
665,Richmond,Matis,869-699-4717
666,Garrard,Beazer,307-224-6581
667,Aurel,Ralfe,820-777-8095
668,Minnie,Jarman,887-541-8744
669,Sonnie,Juster,589-784-7915
670,Ferdinanda,Duffy,654-465-4506
671,Archy,Sonier,356-841-5541
672,Merrile,Suttaby,118-564-1408
673,Humberto,Harverson,795-110-5222
674,Kendricks,Wither,531-692-7803
675,James,Postles,232-823-1469
676,Raphael,Ambler,976-386-5997
677,Faber,Vowells,464-376-7109
678,Joye,Klossmann,992-852-8181
679,Lauraine,McKeown,280-264-9075
680,Farleigh,Ternott,993-637-3662
681,Cthrine,Gorke,307-929-2781
682,Ranna,Seebright,319-135-2571
683,Merle,Donson,408-961-2156
684,Ravid,Kiddye,397-512-4265
685,Sherline,Miell,290-880-3791
686,Pattie,Wulfinger,989-647-3747
687,Yovonnda,Shillom,975-407-7897
688,Ansel,Perone,930-248-0058
689,Garrick,Bernard,875-596-6291
690,Willdon,Layne,652-870-9067
691,Adelaide,Pilipyak,624-258-7148
692,Kelsy,Melesk,664-948-1268
693,Connie,Dominguez,674-506-1268
694,Kareem,Damerell,617-923-7449
695,Ailyn,Epilet,782-780-4647
696,Calla,Landes,363-301-2654
697,Sarette,Bunkle,598-625-1064
698,Corbin,Lydiate,216-839-6153
699,Annette,Gianolini,122-438-2610
700,Felisha,Klewi,616-950-7369
701,Carlota,Cantos,854-767-6645
702,Amye,Sandaver,199-176-1147
703,Herminia,Undrell,314-345-2989
704,Valencia,Blondell,419-555-3329
705,Natalie,Perrott,583-473-4847
706,Corena,Cicci,947-441-2308
707,Melisent,Cornforth,835-399-9701
708,Raleigh,Sallery,962-602-6024
709,Filmer,Harcase,284-746-6010
710,Hamid,Gotcher,128-108-2548
711,Alison,Christophers,876-611-9109
712,August,Liven,426-244-5664
713,Tatum,McGeneay,460-483-1556
714,Lyell,Corben,744-865-8305
715,Huntington,Marriott,752-582-2115
716,Maximilianus,Fullard,569-478-2301
717,Cob,Sirrell,259-760-3083
718,Wakefield,Nice,653-759-5190
719,Egon,Cherrington,229-816-6571
720,Gizela,Cringle,104-371-8656
721,Woody,Sclanders,452-530-5927
722,Aarika,Linsley,609-704-1297
723,Shanan,Dent,119-491-6393
724,Thorndike,Ioannidis,618-334-3597
725,Mel,Huckell,495-550-4554
726,Skylar,Kristoffersen,248-557-7671
727,Berky,Bavister,551-546-2098
728,Riordan,Cesco,697-454-9281
729,Theo,Du Plantier,253-180-3581
730,Kaycee,Robeson,858-771-5625
731,Stacy,Glaysher,717-451-8111
732,Fawnia,Betje,799-612-2680
733,Maren,Goodinson,809-746-6804
734,Garrek,Cicco,740-196-1357
735,Alic,Perl,673-606-8734
736,Kikelia,Tropman,852-576-9363
737,Dieter,Woodman,253-680-3736
738,Zachary,Keasy,118-451-5721
739,Melodie,Hearmon,953-756-1222
740,Chelsae,Wells,679-514-1087
741,Dehlia,Curmi,731-955-6351
742,Gabbey,Bucktharp,542-701-2517
743,Kathryn,Miroy,334-556-2027
744,Phineas,Pettitt,260-770-5199
745,Rhianon,Pikesley,886-824-4501
746,Arly,Bethel,123-461-2921
747,Lida,Hards,898-862-9102
748,Seumas,Stroder,774-754-0834
749,Che,Ungaretti,641-887-8351
750,Mata,Westraw,169-865-8763
751,Pedro,McCarron,390-160-1033
752,Issy,Gradly,727-256-8855
753,Bourke,Render,207-959-9245
754,Elvira,Elcoate,164-953-5509
755,Paige,Felix,880-877-4984
756,Tomkin,Meiklejohn,131-284-6134
757,Valerye,Ugoletti,871-713-3289
758,Grace,Allderidge,810-144-1323
759,Giuseppe,Bullimore,672-417-5788
760,Maison,Schober,973-475-7785
761,Vidovik,Symson,429-773-7339
762,Padget,Hasloch,300-574-8862
763,Stacia,Kemetz,785-735-7668
764,Devina,Pentecust,742-265-5648
765,Lydon,McKane,202-490-1025
766,Vincent,Powderham,267-911-1482
767,Merl,Shakelady,932-474-7656
768,Pebrook,Cardero,103-229-7599
769,Reed,Pridgeon,774-457-6491
770,Rafa,McCuaig,292-161-5668
771,Laney,Handasyde,605-622-8668
772,Hillery,Casford,141-601-6747
773,Daniela,Goldster,268-768-7747
774,Salvador,Hollows,359-648-3712
775,Rolfe,Wisam,719-704-5975
776,Wade,Athelstan,538-371-6130
777,Kimbell,de Aguirre,346-811-7097
778,Arni,Jansson,526-518-1151
779,Anna-maria,Eakeley,920-435-1455
780,Aleda,Joannic,260-301-1608
781,Putnam,Godspeede,661-570-8411
782,Ginelle,Ticksall,480-871-4043
783,Claudine,Handes,984-247-3871
784,Agretha,Whorlow,599-105-8848
785,Guglielmo,De Malchar,689-535-0279
786,Letisha,Cavey,902-745-2967
787,Justin,Males,831-161-0194
788,Normy,Romand,701-452-2197
789,Auberta,Reuble,393-651-8817
790,Juanita,Mulrooney,857-208-5075
791,Gian,Peacher,697-204-5091
792,Gabbi,McCaughren,212-215-1916
793,Ruddy,Creyke,308-377-3702
794,Rodge,Stickley,560-507-1125
795,Dyan,Purches,300-712-8424
796,Brose,Cargon,315-403-8817
797,Jeanie,Fenton,532-936-5302
798,Care,Gideon,749-229-4763
799,Darn,Beardon,243-934-1824
800,Patrica,Prescott,276-738-3551
801,Marinna,Whitwham,462-768-0455
802,Darin,Golde,566-844-3417
803,Xenia,Neles,174-264-1940
804,Stanly,Culleton,920-204-0632
805,Tera,Knock,681-967-3243
806,Diannne,Van Salzberger,789-172-6900
807,Charline,Longhirst,316-543-9513
808,Gabrila,Shimmin,777-882-4653
809,Hewett,Blenkiron,351-167-1387
810,Meade,Jowitt,736-841-8420
811,Zsa zsa,Trevain,714-414-6864
812,Ferrell,Antalffy,327-343-9250
813,Gal,Hogsden,681-673-0923
814,Mead,Playdon,827-532-9935
815,Edan,Rowbotham,649-725-0802
816,Eldridge,Boshers,782-631-0868
817,Cybill,Ranns,909-869-5425
818,Amata,Drugan,897-298-1747
819,Nady,Lamping,229-270-0457
820,Graig,Mularkey,482-757-6719
821,Arabelle,Dubery,381-384-5744
822,Kyle,Kippins,158-924-8329
823,Lauraine,Esselen,234-205-4776
824,Alene,Durdy,271-255-7616
825,Sansone,Calvey,496-846-6874
826,Rolland,Winstanley,168-889-7108
827,Rochette,Mar,556-679-5718
828,Nobie,Stoving,766-992-8348
829,Robena,Cavey,640-653-1310
830,Ynes,Btham,829-302-9108
831,Igor,Peniman,869-204-7183
832,Suzanna,Kiddell,252-372-4005
833,Tricia,Oda,250-804-6344
834,Regan,Bownde,413-813-7755
835,Josefa,Costanza,555-746-2984
836,Frederica,Waltering,652-822-0916
837,Alisa,Neely,192-885-4210
838,Torry,Amerighi,809-715-7741
839,Byrann,Dockree,426-869-8827
840,Alfy,Pack,175-136-9605
841,Fin,Killen,726-306-3695
842,Hieronymus,Daouze,758-113-5300
843,Carolann,Winder,198-875-1028
844,Marjory,Baroux,971-816-2448
845,Thomasine,Airey,917-399-9713
846,Earle,Andriulis,423-278-8905
847,Eberto,Tremmil,960-933-6659
848,Dunn,Barthrup,410-498-8966
849,Reynard,Giovanazzi,379-433-5484
850,Catlee,Laughnan,150-136-1057
851,Noel,Pieter,208-162-1213
852,Norine,Quilligan,505-596-5600
853,Giacobo,Crabbe,191-413-8843
854,Carie,Lukasik,418-597-8569
855,Rupert,Oxtiby,761-263-1939
856,Quillan,Egiloff,581-622-1456
857,Guendolen,Gwinn,330-171-8239
858,Aubrey,Thain,316-217-9344
859,Vilma,Jacquemy,959-642-3732
860,Elvera,Barcroft,649-851-1476
861,Craggy,Abramson,890-976-3908
862,Kori,Gookes,816-243-1815
863,Andi,Antat,806-813-4331
864,Beth,Van Merwe,793-747-4432
865,Denis,Ghidoli,668-112-2715
866,Dimitry,Habben,833-784-5535
867,Mathilda,Asbury,845-761-4330
868,Berny,Briance,895-569-8816
869,Crista,Iacovini,385-644-0137
870,Zacherie,Epsley,272-669-2321
871,Vi,Neat,662-582-5199
872,Sissy,Puckinghorne,564-625-5468
873,Matthiew,Cotgrove,606-294-3326
874,Lemmie,Teeney,723-506-7656
875,Kiele,Forseith,673-935-4419
876,Kerrin,Farncomb,218-481-1806
877,May,Skelbeck,619-942-8218
878,Sher,Dukelow,469-624-6294
879,Dilly,Wild,551-703-3139
880,Aldin,McNeilly,497-804-0687
881,Ulrick,Noye,442-544-4490
882,Chelsae,Lusted,801-505-3417
883,Lamond,Brauns,213-988-4542
884,Wilden,Mitchelmore,288-558-9302
885,Simone,Proffitt,606-131-9976
886,Anni,Setchfield,260-291-5617
887,Larina,Childrens,320-858-0339
888,Renard,Davidovicz,743-214-2935
889,Elnar,Hardy-Piggin,990-694-7878
890,Tamas,Lowton,321-443-9517
891,Keelby,Boldecke,578-377-8902
892,Garth,Faucherand,126-804-5528
893,Jodie,Parkhouse,426-627-2750
894,Anatole,Liggons,483-902-1686
895,Bobbie,Klimecki,143-683-4629
896,Danni,Lamplugh,866-971-8342
897,Torey,Grastye,774-229-2287
898,Gard,Tellenbrok,901-619-2837
899,Valenka,Collymore,307-104-9550
900,Ora,Horsfield,378-960-5061
901,Jo-anne,Haselgrove,239-617-7101
902,Joannes,Kingcott,990-134-3078
903,Claudelle,Laxen,254-554-1331
904,Marlene,Fellgate,437-629-5576
905,Sorcha,Mc Gee,900-522-0366
906,Erinn,Yeskov,462-556-8710
907,Reeba,Justis,100-487-0089
908,Lorens,Bossingham,709-989-1097
909,Merv,Folan,138-980-0632
910,Marthena,Kynan,612-424-3903
911,Lanni,Northrop,871-713-3857
912,Rodolph,Houdmont,887-449-2316
913,Tomas,De Domenici,360-103-1987
914,Bride,McCathay,478-978-0878
915,Lorrie,Shitliff,139-338-2835
916,Adolpho,Klambt,668-155-0769
917,Patin,Langwade,698-120-3055
918,Yoshi,Scryne,210-620-3431
919,Clem,Govier,520-485-8954
920,Rafael,Cullum,597-342-6220
921,Cher,Jancik,144-360-8540
922,Chevalier,Youtead,456-245-6588
923,Galina,Nussii,337-348-1018
924,Malva,Abramsky,331-363-2066
925,Janetta,Rosenfrucht,739-800-6940
926,Lydie,Claxton,679-647-5560
927,Will,Cowap,165-603-0618
928,Cati,Redon,114-210-5120
929,Doroteya,Wurz,397-562-7339
930,Nanni,O'Cullen,139-443-8035
931,Boote,Osbidston,694-553-0649
932,Richie,Hadlington,691-360-8302
933,Kylen,Nasey,765-974-6883
934,Jeremias,Baynard,757-939-7244
935,Tiebout,Pescod,700-241-1615
936,Vale,Itzcovichch,959-724-9279
937,Tucky,Lemmers,618-811-5518
938,Klarrisa,Wehnerr,736-831-8458
939,Leighton,Arno,849-417-3312
940,Corie,Haws,182-110-2385
941,Ryan,Kinneally,433-373-5175
942,Nerti,Fairest,512-388-9902
943,Cathe,Tripon,994-739-1006
944,Krystle,Duckwith,342-405-0857
945,Regine,Spofforth,856-838-6838
946,Romola,Anstey,185-825-4393
947,Terry,Dunhill,411-190-0380
948,Beatrisa,Isaak,295-418-4023
949,Martie,Toner,759-595-2871
950,D'arcy,MacSorley,389-251-1737
951,Carla,Dunstone,439-199-0042
952,Chaim,Innett,105-143-6488
953,Mart,Dillon,636-377-9808
954,Sherrie,Beirne,461-384-9798
955,Corby,Tabor,264-966-7133
956,Cherice,Redler,160-627-3352
957,Frederico,Greenroa,444-237-1376
958,Deborah,Hartley,250-580-7309
959,Artemas,Aloigi,212-399-0957
960,Rene,Capoun,324-880-3729
961,Milli,Colquitt,223-163-0875
962,Thatch,Tuffley,812-532-1624
963,Obie,Redholls,945-595-0610
964,Dudley,Klaas,167-299-2804
965,Ginger,Karim,821-584-5181
966,Sky,Shelmardine,783-951-5950
967,Dorelia,Prettyman,942-369-4934
968,Ashla,Turneaux,738-158-7023
969,Cathi,Morsey,900-535-8331
970,Kristan,Josiah,363-156-2777
971,Rae,Zapata,577-511-9529
972,Haley,Dedam,656-414-3580
973,Leonhard,Ells,282-868-5936
974,Rollie,Bauduccio,202-427-0859
975,Alisun,Devonside,344-973-3812
976,Hortense,Vernon,616-814-8062
977,Shandy,Padula,929-711-4617
978,Earlie,Jozaitis,599-481-3467
979,Shaine,McGooch,993-452-4034
980,Alida,Diggles,394-714-9828
981,Marquita,Jaume,941-218-7617
982,Emilia,Fasey,201-668-3833
983,Daniele,Gossan,172-343-9021
984,Curcio,Wheatcroft,900-410-2535
985,Claude,Durbann,944-515-1311
986,Brigit,Mallen,687-328-7171
987,Hillary,Prozillo,914-449-9295
988,Port,Kellitt,194-370-3465
989,Katerine,Mauvin,876-137-9776
990,Janos,Paireman,607-467-2075
991,Danila,Menendez,531-475-7721
992,Ford,Delnevo,416-604-8212
993,Dudley,Larvent,339-459-9565
994,Allard,Bavage,359-865-9861
995,Maggi,Maffezzoli,381-418-4083
996,Poul,Horney,930-253-4624
997,Jo ann,McCluney,632-285-0518
998,Ravid,McCluskey,903-880-3209
999,Teddi,Allicock,821-722-3624
1000,Barney,Lattka,626-216-5322